#,Time,%Passes,Change,Test,Pass,Partial,Fail,Untested
0,Tue May 03 14:26:44 EDT 2022,5,5,SMLGreetingLoadAndRun,SMLGreetingLoadAndRun+ , , ,ConcisePrintSafety CurriedMatchingDerivedSafe CurriedMatchingGivenSafe CurriedOnceInterpolatedSafe CurriedTwiceInterpolatedSafe CurryableInterpolatedSafe CurryableMatchingSafe GivenSafeSML InterpolatedSafeSML ListDerivedSafeSML ListPrintSafety MatchingDerivedSafe MatchingGivenSafe MatchingSafe PrintSafety SocialDistanceSMLProvided StyleTest ,
1,Tue May 03 14:26:46 EDT 2022,5,0,SMLGreetingLoadAndRun,SMLGreetingLoadAndRun , , ,ConcisePrintSafety CurriedMatchingDerivedSafe CurriedMatchingGivenSafe CurriedOnceInterpolatedSafe CurriedTwiceInterpolatedSafe CurryableInterpolatedSafe CurryableMatchingSafe GivenSafeSML InterpolatedSafeSML ListDerivedSafeSML ListPrintSafety MatchingDerivedSafe MatchingGivenSafe MatchingSafe PrintSafety SocialDistanceSMLProvided StyleTest ,
2,Tue May 03 14:26:49 EDT 2022,5,0,FunctionParametersTestSuite,SMLGreetingLoadAndRun , ,ConcisePrintSafety+ ListPrintSafety+ MatchingDerivedSafe+ MatchingGivenSafe+ MatchingSafe+ PrintSafety+ SocialDistanceSMLProvided+ ,CurriedMatchingDerivedSafe CurriedMatchingGivenSafe CurriedOnceInterpolatedSafe CurriedTwiceInterpolatedSafe CurryableInterpolatedSafe CurryableMatchingSafe GivenSafeSML InterpolatedSafeSML ListDerivedSafeSML StyleTest ,
3,Tue May 03 14:26:49 EDT 2022,5,0,FunctionParametersTestSuite,SMLGreetingLoadAndRun , ,ConcisePrintSafety ListPrintSafety MatchingDerivedSafe MatchingGivenSafe MatchingSafe PrintSafety SocialDistanceSMLProvided ,CurriedMatchingDerivedSafe CurriedMatchingGivenSafe CurriedOnceInterpolatedSafe CurriedTwiceInterpolatedSafe CurryableInterpolatedSafe CurryableMatchingSafe GivenSafeSML InterpolatedSafeSML ListDerivedSafeSML StyleTest ,
4,Tue May 03 14:26:50 EDT 2022,5,0,FunctionReturnValuesTestSuite,SMLGreetingLoadAndRun , ,ConcisePrintSafety CurriedMatchingDerivedSafe+ CurriedMatchingGivenSafe+ CurriedOnceInterpolatedSafe+ CurriedTwiceInterpolatedSafe+ CurryableInterpolatedSafe+ CurryableMatchingSafe+ ListPrintSafety MatchingDerivedSafe MatchingGivenSafe MatchingSafe PrintSafety SocialDistanceSMLProvided ,GivenSafeSML InterpolatedSafeSML ListDerivedSafeSML StyleTest ,
5,Tue May 03 14:26:51 EDT 2022,5,0,FunctionReturnValuesTestSuite,SMLGreetingLoadAndRun , ,ConcisePrintSafety CurriedMatchingDerivedSafe CurriedMatchingGivenSafe CurriedOnceInterpolatedSafe CurriedTwiceInterpolatedSafe CurryableInterpolatedSafe CurryableMatchingSafe ListPrintSafety MatchingDerivedSafe MatchingGivenSafe MatchingSafe PrintSafety SocialDistanceSMLProvided ,GivenSafeSML InterpolatedSafeSML ListDerivedSafeSML StyleTest ,
6,Tue May 03 14:26:52 EDT 2022,5,0,ListsAndRecursionTestSuite,SMLGreetingLoadAndRun , ,ConcisePrintSafety CurriedMatchingDerivedSafe CurriedMatchingGivenSafe CurriedOnceInterpolatedSafe CurriedTwiceInterpolatedSafe CurryableInterpolatedSafe CurryableMatchingSafe ListDerivedSafeSML+ ListPrintSafety MatchingDerivedSafe MatchingGivenSafe MatchingSafe PrintSafety SocialDistanceSMLProvided ,GivenSafeSML InterpolatedSafeSML StyleTest ,
7,Tue May 03 14:26:53 EDT 2022,5,0,FunctionalProgrammingTestSuite,SMLGreetingLoadAndRun , ,ConcisePrintSafety CurriedMatchingDerivedSafe CurriedMatchingGivenSafe CurriedOnceInterpolatedSafe CurriedTwiceInterpolatedSafe CurryableInterpolatedSafe CurryableMatchingSafe GivenSafeSML+ InterpolatedSafeSML+ ListDerivedSafeSML ListPrintSafety MatchingDerivedSafe MatchingGivenSafe MatchingSafe PrintSafety SocialDistanceSMLProvided ,StyleTest ,
8,Tue May 03 14:26:54 EDT 2022,5,0,FunctionalProgrammingTestSuite,SMLGreetingLoadAndRun , ,ConcisePrintSafety CurriedMatchingDerivedSafe CurriedMatchingGivenSafe CurriedOnceInterpolatedSafe CurriedTwiceInterpolatedSafe CurryableInterpolatedSafe CurryableMatchingSafe GivenSafeSML InterpolatedSafeSML ListDerivedSafeSML ListPrintSafety MatchingDerivedSafe MatchingGivenSafe MatchingSafe PrintSafety SocialDistanceSMLProvided ,StyleTest ,
9,Tue May 03 14:26:55 EDT 2022,5,0,ListsAndRecursionTestSuite,SMLGreetingLoadAndRun , ,ConcisePrintSafety CurriedMatchingDerivedSafe CurriedMatchingGivenSafe CurriedOnceInterpolatedSafe CurriedTwiceInterpolatedSafe CurryableInterpolatedSafe CurryableMatchingSafe GivenSafeSML InterpolatedSafeSML ListDerivedSafeSML ListPrintSafety MatchingDerivedSafe MatchingGivenSafe MatchingSafe PrintSafety SocialDistanceSMLProvided ,StyleTest ,
10,Tue May 03 14:26:56 EDT 2022,5,0,StyleTest,SMLGreetingLoadAndRun , ,ConcisePrintSafety CurriedMatchingDerivedSafe CurriedMatchingGivenSafe CurriedOnceInterpolatedSafe CurriedTwiceInterpolatedSafe CurryableInterpolatedSafe CurryableMatchingSafe GivenSafeSML InterpolatedSafeSML ListDerivedSafeSML ListPrintSafety MatchingDerivedSafe MatchingGivenSafe MatchingSafe PrintSafety SocialDistanceSMLProvided StyleTest+ , ,
11,Tue May 03 14:26:57 EDT 2022,5,0,StyleTest,SMLGreetingLoadAndRun , ,ConcisePrintSafety CurriedMatchingDerivedSafe CurriedMatchingGivenSafe CurriedOnceInterpolatedSafe CurriedTwiceInterpolatedSafe CurryableInterpolatedSafe CurryableMatchingSafe GivenSafeSML InterpolatedSafeSML ListDerivedSafeSML ListPrintSafety MatchingDerivedSafe MatchingGivenSafe MatchingSafe PrintSafety SocialDistanceSMLProvided StyleTest , ,
12,Tue May 03 15:14:43 EDT 2022,5,0,SMLGreetingLoadAndRun,SMLGreetingLoadAndRun , ,ConcisePrintSafety CurriedMatchingDerivedSafe CurriedMatchingGivenSafe CurriedOnceInterpolatedSafe CurriedTwiceInterpolatedSafe CurryableInterpolatedSafe CurryableMatchingSafe GivenSafeSML InterpolatedSafeSML ListDerivedSafeSML ListPrintSafety MatchingDerivedSafe MatchingGivenSafe MatchingSafe PrintSafety SocialDistanceSMLProvided StyleTest , ,
13,Tue May 03 15:14:45 EDT 2022,5,0,SMLGreetingLoadAndRun,SMLGreetingLoadAndRun , ,ConcisePrintSafety CurriedMatchingDerivedSafe CurriedMatchingGivenSafe CurriedOnceInterpolatedSafe CurriedTwiceInterpolatedSafe CurryableInterpolatedSafe CurryableMatchingSafe GivenSafeSML InterpolatedSafeSML ListDerivedSafeSML ListPrintSafety MatchingDerivedSafe MatchingGivenSafe MatchingSafe PrintSafety SocialDistanceSMLProvided StyleTest , ,
14,Tue May 03 15:21:21 EDT 2022,5,0,SMLGreetingLoadAndRun,SMLGreetingLoadAndRun , ,ConcisePrintSafety CurriedMatchingDerivedSafe CurriedMatchingGivenSafe CurriedOnceInterpolatedSafe CurriedTwiceInterpolatedSafe CurryableInterpolatedSafe CurryableMatchingSafe GivenSafeSML InterpolatedSafeSML ListDerivedSafeSML ListPrintSafety MatchingDerivedSafe MatchingGivenSafe MatchingSafe PrintSafety SocialDistanceSMLProvided StyleTest , ,
15,Tue May 03 15:21:21 EDT 2022,5,0,SMLGreetingLoadAndRun,SMLGreetingLoadAndRun , ,ConcisePrintSafety CurriedMatchingDerivedSafe CurriedMatchingGivenSafe CurriedOnceInterpolatedSafe CurriedTwiceInterpolatedSafe CurryableInterpolatedSafe CurryableMatchingSafe GivenSafeSML InterpolatedSafeSML ListDerivedSafeSML ListPrintSafety MatchingDerivedSafe MatchingGivenSafe MatchingSafe PrintSafety SocialDistanceSMLProvided StyleTest , ,
16,Tue May 03 15:21:22 EDT 2022,5,0,FunctionParametersTestSuite,SMLGreetingLoadAndRun , ,ConcisePrintSafety CurriedMatchingDerivedSafe CurriedMatchingGivenSafe CurriedOnceInterpolatedSafe CurriedTwiceInterpolatedSafe CurryableInterpolatedSafe CurryableMatchingSafe GivenSafeSML InterpolatedSafeSML ListDerivedSafeSML ListPrintSafety MatchingDerivedSafe MatchingGivenSafe MatchingSafe PrintSafety SocialDistanceSMLProvided StyleTest , ,
17,Tue May 03 15:21:23 EDT 2022,5,0,FunctionParametersTestSuite,SMLGreetingLoadAndRun , ,ConcisePrintSafety CurriedMatchingDerivedSafe CurriedMatchingGivenSafe CurriedOnceInterpolatedSafe CurriedTwiceInterpolatedSafe CurryableInterpolatedSafe CurryableMatchingSafe GivenSafeSML InterpolatedSafeSML ListDerivedSafeSML ListPrintSafety MatchingDerivedSafe MatchingGivenSafe MatchingSafe PrintSafety SocialDistanceSMLProvided StyleTest , ,
18,Tue May 03 15:21:24 EDT 2022,5,0,FunctionReturnValuesTestSuite,SMLGreetingLoadAndRun , ,ConcisePrintSafety CurriedMatchingDerivedSafe CurriedMatchingGivenSafe CurriedOnceInterpolatedSafe CurriedTwiceInterpolatedSafe CurryableInterpolatedSafe CurryableMatchingSafe GivenSafeSML InterpolatedSafeSML ListDerivedSafeSML ListPrintSafety MatchingDerivedSafe MatchingGivenSafe MatchingSafe PrintSafety SocialDistanceSMLProvided StyleTest , ,
19,Tue May 03 15:21:24 EDT 2022,5,0,FunctionReturnValuesTestSuite,SMLGreetingLoadAndRun , ,ConcisePrintSafety CurriedMatchingDerivedSafe CurriedMatchingGivenSafe CurriedOnceInterpolatedSafe CurriedTwiceInterpolatedSafe CurryableInterpolatedSafe CurryableMatchingSafe GivenSafeSML InterpolatedSafeSML ListDerivedSafeSML ListPrintSafety MatchingDerivedSafe MatchingGivenSafe MatchingSafe PrintSafety SocialDistanceSMLProvided StyleTest , ,
20,Tue May 03 15:21:25 EDT 2022,5,0,FunctionalProgrammingTestSuite,SMLGreetingLoadAndRun , ,ConcisePrintSafety CurriedMatchingDerivedSafe CurriedMatchingGivenSafe CurriedOnceInterpolatedSafe CurriedTwiceInterpolatedSafe CurryableInterpolatedSafe CurryableMatchingSafe GivenSafeSML InterpolatedSafeSML ListDerivedSafeSML ListPrintSafety MatchingDerivedSafe MatchingGivenSafe MatchingSafe PrintSafety SocialDistanceSMLProvided StyleTest , ,
21,Tue May 03 15:21:26 EDT 2022,5,0,FunctionalProgrammingTestSuite,SMLGreetingLoadAndRun , ,ConcisePrintSafety CurriedMatchingDerivedSafe CurriedMatchingGivenSafe CurriedOnceInterpolatedSafe CurriedTwiceInterpolatedSafe CurryableInterpolatedSafe CurryableMatchingSafe GivenSafeSML InterpolatedSafeSML ListDerivedSafeSML ListPrintSafety MatchingDerivedSafe MatchingGivenSafe MatchingSafe PrintSafety SocialDistanceSMLProvided StyleTest , ,
22,Tue May 03 15:21:26 EDT 2022,5,0,ListsAndRecursionTestSuite,SMLGreetingLoadAndRun , ,ConcisePrintSafety CurriedMatchingDerivedSafe CurriedMatchingGivenSafe CurriedOnceInterpolatedSafe CurriedTwiceInterpolatedSafe CurryableInterpolatedSafe CurryableMatchingSafe GivenSafeSML InterpolatedSafeSML ListDerivedSafeSML ListPrintSafety MatchingDerivedSafe MatchingGivenSafe MatchingSafe PrintSafety SocialDistanceSMLProvided StyleTest , ,
23,Tue May 03 15:21:28 EDT 2022,5,0,ListsAndRecursionTestSuite,SMLGreetingLoadAndRun , ,ConcisePrintSafety CurriedMatchingDerivedSafe CurriedMatchingGivenSafe CurriedOnceInterpolatedSafe CurriedTwiceInterpolatedSafe CurryableInterpolatedSafe CurryableMatchingSafe GivenSafeSML InterpolatedSafeSML ListDerivedSafeSML ListPrintSafety MatchingDerivedSafe MatchingGivenSafe MatchingSafe PrintSafety SocialDistanceSMLProvided StyleTest , ,
24,Tue May 03 15:21:28 EDT 2022,5,0,StyleTest,SMLGreetingLoadAndRun , ,ConcisePrintSafety CurriedMatchingDerivedSafe CurriedMatchingGivenSafe CurriedOnceInterpolatedSafe CurriedTwiceInterpolatedSafe CurryableInterpolatedSafe CurryableMatchingSafe GivenSafeSML InterpolatedSafeSML ListDerivedSafeSML ListPrintSafety MatchingDerivedSafe MatchingGivenSafe MatchingSafe PrintSafety SocialDistanceSMLProvided StyleTest , ,
25,Tue May 03 15:21:30 EDT 2022,5,0,StyleTest,SMLGreetingLoadAndRun , ,ConcisePrintSafety CurriedMatchingDerivedSafe CurriedMatchingGivenSafe CurriedOnceInterpolatedSafe CurriedTwiceInterpolatedSafe CurryableInterpolatedSafe CurryableMatchingSafe GivenSafeSML InterpolatedSafeSML ListDerivedSafeSML ListPrintSafety MatchingDerivedSafe MatchingGivenSafe MatchingSafe PrintSafety SocialDistanceSMLProvided StyleTest , ,
26,Tue May 03 15:21:33 EDT 2022,5,0,FunctionParametersTestSuite,SMLGreetingLoadAndRun , ,ConcisePrintSafety CurriedMatchingDerivedSafe CurriedMatchingGivenSafe CurriedOnceInterpolatedSafe CurriedTwiceInterpolatedSafe CurryableInterpolatedSafe CurryableMatchingSafe GivenSafeSML InterpolatedSafeSML ListDerivedSafeSML ListPrintSafety MatchingDerivedSafe MatchingGivenSafe MatchingSafe PrintSafety SocialDistanceSMLProvided StyleTest , ,
27,Tue May 03 15:21:34 EDT 2022,5,0,PrintSafety,SMLGreetingLoadAndRun , ,ConcisePrintSafety CurriedMatchingDerivedSafe CurriedMatchingGivenSafe CurriedOnceInterpolatedSafe CurriedTwiceInterpolatedSafe CurryableInterpolatedSafe CurryableMatchingSafe GivenSafeSML InterpolatedSafeSML ListDerivedSafeSML ListPrintSafety MatchingDerivedSafe MatchingGivenSafe MatchingSafe PrintSafety SocialDistanceSMLProvided StyleTest , ,
28,Tue May 03 15:22:30 EDT 2022,5,0,SMLGreetingLoadAndRun,SMLGreetingLoadAndRun , ,ConcisePrintSafety CurriedMatchingDerivedSafe CurriedMatchingGivenSafe CurriedOnceInterpolatedSafe CurriedTwiceInterpolatedSafe CurryableInterpolatedSafe CurryableMatchingSafe GivenSafeSML InterpolatedSafeSML ListDerivedSafeSML ListPrintSafety MatchingDerivedSafe MatchingGivenSafe MatchingSafe PrintSafety SocialDistanceSMLProvided StyleTest , ,
29,Tue May 03 15:22:59 EDT 2022,44,39,FunctionParametersTestSuite,ConcisePrintSafety+ ListPrintSafety+ MatchingDerivedSafe+ MatchingGivenSafe+ MatchingSafe+ PrintSafety+ SMLGreetingLoadAndRun SocialDistanceSMLProvided+ , ,CurriedMatchingDerivedSafe CurriedMatchingGivenSafe CurriedOnceInterpolatedSafe CurriedTwiceInterpolatedSafe CurryableInterpolatedSafe CurryableMatchingSafe GivenSafeSML InterpolatedSafeSML ListDerivedSafeSML StyleTest , ,
30,Tue May 03 15:22:59 EDT 2022,44,0,FunctionParametersTestSuite,ConcisePrintSafety ListPrintSafety MatchingDerivedSafe MatchingGivenSafe MatchingSafe PrintSafety SMLGreetingLoadAndRun SocialDistanceSMLProvided , ,CurriedMatchingDerivedSafe CurriedMatchingGivenSafe CurriedOnceInterpolatedSafe CurriedTwiceInterpolatedSafe CurryableInterpolatedSafe CurryableMatchingSafe GivenSafeSML InterpolatedSafeSML ListDerivedSafeSML StyleTest , ,
31,Tue May 03 15:23:15 EDT 2022,77,33,FunctionReturnValuesTestSuite,ConcisePrintSafety CurriedMatchingDerivedSafe+ CurriedMatchingGivenSafe+ CurriedOnceInterpolatedSafe+ CurriedTwiceInterpolatedSafe+ CurryableInterpolatedSafe+ CurryableMatchingSafe+ ListPrintSafety MatchingDerivedSafe MatchingGivenSafe MatchingSafe PrintSafety SMLGreetingLoadAndRun SocialDistanceSMLProvided , ,GivenSafeSML InterpolatedSafeSML ListDerivedSafeSML StyleTest , ,
32,Tue May 03 15:23:18 EDT 2022,77,0,FunctionReturnValuesTestSuite,ConcisePrintSafety CurriedMatchingDerivedSafe CurriedMatchingGivenSafe CurriedOnceInterpolatedSafe CurriedTwiceInterpolatedSafe CurryableInterpolatedSafe CurryableMatchingSafe ListPrintSafety MatchingDerivedSafe MatchingGivenSafe MatchingSafe PrintSafety SMLGreetingLoadAndRun SocialDistanceSMLProvided , ,GivenSafeSML InterpolatedSafeSML ListDerivedSafeSML StyleTest , ,
33,Tue May 03 15:23:24 EDT 2022,88,11,FunctionalProgrammingTestSuite,ConcisePrintSafety CurriedMatchingDerivedSafe CurriedMatchingGivenSafe CurriedOnceInterpolatedSafe CurriedTwiceInterpolatedSafe CurryableInterpolatedSafe CurryableMatchingSafe GivenSafeSML+ InterpolatedSafeSML+ ListPrintSafety MatchingDerivedSafe MatchingGivenSafe MatchingSafe PrintSafety SMLGreetingLoadAndRun SocialDistanceSMLProvided , ,ListDerivedSafeSML StyleTest , ,
34,Tue May 03 15:23:25 EDT 2022,88,0,FunctionalProgrammingTestSuite,ConcisePrintSafety CurriedMatchingDerivedSafe CurriedMatchingGivenSafe CurriedOnceInterpolatedSafe CurriedTwiceInterpolatedSafe CurryableInterpolatedSafe CurryableMatchingSafe GivenSafeSML InterpolatedSafeSML ListPrintSafety MatchingDerivedSafe MatchingGivenSafe MatchingSafe PrintSafety SMLGreetingLoadAndRun SocialDistanceSMLProvided , ,ListDerivedSafeSML StyleTest , ,
35,Tue May 03 15:23:56 EDT 2022,88,0,StyleTest,ConcisePrintSafety CurriedMatchingDerivedSafe CurriedMatchingGivenSafe CurriedOnceInterpolatedSafe CurriedTwiceInterpolatedSafe CurryableInterpolatedSafe CurryableMatchingSafe GivenSafeSML InterpolatedSafeSML ListPrintSafety MatchingDerivedSafe MatchingGivenSafe MatchingSafe PrintSafety SMLGreetingLoadAndRun SocialDistanceSMLProvided , ,ListDerivedSafeSML StyleTest , ,
36,Tue May 03 15:24:02 EDT 2022,94,6,ListsAndRecursionTestSuite,ConcisePrintSafety CurriedMatchingDerivedSafe CurriedMatchingGivenSafe CurriedOnceInterpolatedSafe CurriedTwiceInterpolatedSafe CurryableInterpolatedSafe CurryableMatchingSafe GivenSafeSML InterpolatedSafeSML ListDerivedSafeSML+ ListPrintSafety MatchingDerivedSafe MatchingGivenSafe MatchingSafe PrintSafety SMLGreetingLoadAndRun SocialDistanceSMLProvided , ,StyleTest , ,
37,Tue May 03 15:24:02 EDT 2022,94,0,ListDerivedSafeSML,ConcisePrintSafety CurriedMatchingDerivedSafe CurriedMatchingGivenSafe CurriedOnceInterpolatedSafe CurriedTwiceInterpolatedSafe CurryableInterpolatedSafe CurryableMatchingSafe GivenSafeSML InterpolatedSafeSML ListDerivedSafeSML ListPrintSafety MatchingDerivedSafe MatchingGivenSafe MatchingSafe PrintSafety SMLGreetingLoadAndRun SocialDistanceSMLProvided , ,StyleTest , ,
38,Tue May 03 15:24:03 EDT 2022,94,0,ListDerivedSafeSML,ConcisePrintSafety CurriedMatchingDerivedSafe CurriedMatchingGivenSafe CurriedOnceInterpolatedSafe CurriedTwiceInterpolatedSafe CurryableInterpolatedSafe CurryableMatchingSafe GivenSafeSML InterpolatedSafeSML ListDerivedSafeSML ListPrintSafety MatchingDerivedSafe MatchingGivenSafe MatchingSafe PrintSafety SMLGreetingLoadAndRun SocialDistanceSMLProvided , ,StyleTest , ,
39,Tue May 03 15:24:03 EDT 2022,94,0,ListsAndRecursionTestSuite,ConcisePrintSafety CurriedMatchingDerivedSafe CurriedMatchingGivenSafe CurriedOnceInterpolatedSafe CurriedTwiceInterpolatedSafe CurryableInterpolatedSafe CurryableMatchingSafe GivenSafeSML InterpolatedSafeSML ListDerivedSafeSML ListPrintSafety MatchingDerivedSafe MatchingGivenSafe MatchingSafe PrintSafety SMLGreetingLoadAndRun SocialDistanceSMLProvided , ,StyleTest , ,
40,Tue May 03 15:24:06 EDT 2022,94,0,SMLGreetingLoadAndRun,ConcisePrintSafety CurriedMatchingDerivedSafe CurriedMatchingGivenSafe CurriedOnceInterpolatedSafe CurriedTwiceInterpolatedSafe CurryableInterpolatedSafe CurryableMatchingSafe GivenSafeSML InterpolatedSafeSML ListDerivedSafeSML ListPrintSafety MatchingDerivedSafe MatchingGivenSafe MatchingSafe PrintSafety SMLGreetingLoadAndRun SocialDistanceSMLProvided , ,StyleTest , ,
41,Tue May 03 15:24:07 EDT 2022,94,0,StyleTest,ConcisePrintSafety CurriedMatchingDerivedSafe CurriedMatchingGivenSafe CurriedOnceInterpolatedSafe CurriedTwiceInterpolatedSafe CurryableInterpolatedSafe CurryableMatchingSafe GivenSafeSML InterpolatedSafeSML ListDerivedSafeSML ListPrintSafety MatchingDerivedSafe MatchingGivenSafe MatchingSafe PrintSafety SMLGreetingLoadAndRun SocialDistanceSMLProvided , ,StyleTest , ,
42,Tue May 03 15:24:21 EDT 2022,94,0,StyleTest,ConcisePrintSafety CurriedMatchingDerivedSafe CurriedMatchingGivenSafe CurriedOnceInterpolatedSafe CurriedTwiceInterpolatedSafe CurryableInterpolatedSafe CurryableMatchingSafe GivenSafeSML InterpolatedSafeSML ListDerivedSafeSML ListPrintSafety MatchingDerivedSafe MatchingGivenSafe MatchingSafe PrintSafety SMLGreetingLoadAndRun SocialDistanceSMLProvided , ,StyleTest , ,
43,Tue May 03 15:32:39 EDT 2022,94,0,StyleTest,ConcisePrintSafety CurriedMatchingDerivedSafe CurriedMatchingGivenSafe CurriedOnceInterpolatedSafe CurriedTwiceInterpolatedSafe CurryableInterpolatedSafe CurryableMatchingSafe GivenSafeSML InterpolatedSafeSML ListDerivedSafeSML ListPrintSafety MatchingDerivedSafe MatchingGivenSafe MatchingSafe PrintSafety SMLGreetingLoadAndRun SocialDistanceSMLProvided , ,StyleTest , ,
44,Tue May 03 15:32:54 EDT 2022,94,0,StyleTest,ConcisePrintSafety CurriedMatchingDerivedSafe CurriedMatchingGivenSafe CurriedOnceInterpolatedSafe CurriedTwiceInterpolatedSafe CurryableInterpolatedSafe CurryableMatchingSafe GivenSafeSML InterpolatedSafeSML ListDerivedSafeSML ListPrintSafety MatchingDerivedSafe MatchingGivenSafe MatchingSafe PrintSafety SMLGreetingLoadAndRun SocialDistanceSMLProvided , ,StyleTest , ,
45,Tue May 03 15:40:01 EDT 2022,94,0,FunctionParametersTestSuite,ConcisePrintSafety CurriedMatchingDerivedSafe CurriedMatchingGivenSafe CurriedOnceInterpolatedSafe CurriedTwiceInterpolatedSafe CurryableInterpolatedSafe CurryableMatchingSafe GivenSafeSML InterpolatedSafeSML ListDerivedSafeSML ListPrintSafety MatchingDerivedSafe MatchingGivenSafe MatchingSafe PrintSafety SMLGreetingLoadAndRun SocialDistanceSMLProvided , ,StyleTest , ,
46,Tue May 03 15:40:14 EDT 2022,94,0,FunctionParametersTestSuite,ConcisePrintSafety CurriedMatchingDerivedSafe CurriedMatchingGivenSafe CurriedOnceInterpolatedSafe CurriedTwiceInterpolatedSafe CurryableInterpolatedSafe CurryableMatchingSafe GivenSafeSML InterpolatedSafeSML ListDerivedSafeSML ListPrintSafety MatchingDerivedSafe MatchingGivenSafe MatchingSafe PrintSafety SMLGreetingLoadAndRun SocialDistanceSMLProvided , ,StyleTest , ,
47,Tue May 03 15:40:16 EDT 2022,94,0,FunctionParametersTestSuite,ConcisePrintSafety CurriedMatchingDerivedSafe CurriedMatchingGivenSafe CurriedOnceInterpolatedSafe CurriedTwiceInterpolatedSafe CurryableInterpolatedSafe CurryableMatchingSafe GivenSafeSML InterpolatedSafeSML ListDerivedSafeSML ListPrintSafety MatchingDerivedSafe MatchingGivenSafe MatchingSafe PrintSafety SMLGreetingLoadAndRun SocialDistanceSMLProvided , ,StyleTest , ,
48,Tue May 03 15:40:17 EDT 2022,94,0,FunctionParametersTestSuite,ConcisePrintSafety CurriedMatchingDerivedSafe CurriedMatchingGivenSafe CurriedOnceInterpolatedSafe CurriedTwiceInterpolatedSafe CurryableInterpolatedSafe CurryableMatchingSafe GivenSafeSML InterpolatedSafeSML ListDerivedSafeSML ListPrintSafety MatchingDerivedSafe MatchingGivenSafe MatchingSafe PrintSafety SMLGreetingLoadAndRun SocialDistanceSMLProvided , ,StyleTest , ,
49,Tue May 03 15:41:46 EDT 2022,61,-33,FunctionParametersTestSuite,CurriedMatchingDerivedSafe CurriedMatchingGivenSafe CurriedOnceInterpolatedSafe CurriedTwiceInterpolatedSafe CurryableInterpolatedSafe CurryableMatchingSafe GivenSafeSML InterpolatedSafeSML ListDerivedSafeSML SMLGreetingLoadAndRun SocialDistanceSMLProvided , ,ConcisePrintSafety- ListPrintSafety- MatchingDerivedSafe- MatchingGivenSafe- MatchingSafe- PrintSafety- StyleTest , ,
50,Tue May 03 15:41:51 EDT 2022,61,0,PrintSafety,CurriedMatchingDerivedSafe CurriedMatchingGivenSafe CurriedOnceInterpolatedSafe CurriedTwiceInterpolatedSafe CurryableInterpolatedSafe CurryableMatchingSafe GivenSafeSML InterpolatedSafeSML ListDerivedSafeSML SMLGreetingLoadAndRun SocialDistanceSMLProvided , ,ConcisePrintSafety ListPrintSafety MatchingDerivedSafe MatchingGivenSafe MatchingSafe PrintSafety StyleTest , ,
51,Tue May 03 15:43:20 EDT 2022,94,33,FunctionParametersTestSuite,ConcisePrintSafety+ CurriedMatchingDerivedSafe CurriedMatchingGivenSafe CurriedOnceInterpolatedSafe CurriedTwiceInterpolatedSafe CurryableInterpolatedSafe CurryableMatchingSafe GivenSafeSML InterpolatedSafeSML ListDerivedSafeSML ListPrintSafety+ MatchingDerivedSafe+ MatchingGivenSafe+ MatchingSafe+ PrintSafety+ SMLGreetingLoadAndRun SocialDistanceSMLProvided , ,StyleTest , ,
52,Tue May 03 15:45:58 EDT 2022,94,0,FunctionParametersTestSuite,ConcisePrintSafety CurriedMatchingDerivedSafe CurriedMatchingGivenSafe CurriedOnceInterpolatedSafe CurriedTwiceInterpolatedSafe CurryableInterpolatedSafe CurryableMatchingSafe GivenSafeSML InterpolatedSafeSML ListDerivedSafeSML ListPrintSafety MatchingDerivedSafe MatchingGivenSafe MatchingSafe PrintSafety SMLGreetingLoadAndRun SocialDistanceSMLProvided , ,StyleTest , ,
53,Tue May 03 16:40:34 EDT 2022,77,-17,FunctionParametersTestSuite,CurriedMatchingDerivedSafe CurriedMatchingGivenSafe CurriedOnceInterpolatedSafe CurriedTwiceInterpolatedSafe CurryableInterpolatedSafe CurryableMatchingSafe GivenSafeSML InterpolatedSafeSML ListDerivedSafeSML MatchingDerivedSafe MatchingGivenSafe MatchingSafe SMLGreetingLoadAndRun SocialDistanceSMLProvided , ,ConcisePrintSafety- ListPrintSafety- PrintSafety- StyleTest , ,
54,Tue May 03 16:40:37 EDT 2022,77,0,PrintSafety,CurriedMatchingDerivedSafe CurriedMatchingGivenSafe CurriedOnceInterpolatedSafe CurriedTwiceInterpolatedSafe CurryableInterpolatedSafe CurryableMatchingSafe GivenSafeSML InterpolatedSafeSML ListDerivedSafeSML MatchingDerivedSafe MatchingGivenSafe MatchingSafe SMLGreetingLoadAndRun SocialDistanceSMLProvided , ,ConcisePrintSafety ListPrintSafety PrintSafety StyleTest , ,
55,Tue May 03 16:44:41 EDT 2022,61,-16,FunctionParametersTestSuite,CurriedMatchingDerivedSafe CurriedMatchingGivenSafe CurriedOnceInterpolatedSafe CurriedTwiceInterpolatedSafe CurryableInterpolatedSafe CurryableMatchingSafe GivenSafeSML InterpolatedSafeSML ListDerivedSafeSML SMLGreetingLoadAndRun SocialDistanceSMLProvided , ,ConcisePrintSafety ListPrintSafety MatchingDerivedSafe- MatchingGivenSafe- MatchingSafe- PrintSafety StyleTest , ,
56,Tue May 03 16:45:07 EDT 2022,61,0,FunctionParametersTestSuite,CurriedMatchingDerivedSafe CurriedMatchingGivenSafe CurriedOnceInterpolatedSafe CurriedTwiceInterpolatedSafe CurryableInterpolatedSafe CurryableMatchingSafe GivenSafeSML InterpolatedSafeSML ListDerivedSafeSML SMLGreetingLoadAndRun SocialDistanceSMLProvided , ,ConcisePrintSafety ListPrintSafety MatchingDerivedSafe MatchingGivenSafe MatchingSafe PrintSafety StyleTest , ,
57,Tue May 03 16:45:08 EDT 2022,61,0,SocialDistanceFileTestSuite,CurriedMatchingDerivedSafe CurriedMatchingGivenSafe CurriedOnceInterpolatedSafe CurriedTwiceInterpolatedSafe CurryableInterpolatedSafe CurryableMatchingSafe GivenSafeSML InterpolatedSafeSML ListDerivedSafeSML SMLGreetingLoadAndRun SocialDistanceSMLProvided , ,ConcisePrintSafety ListPrintSafety MatchingDerivedSafe MatchingGivenSafe MatchingSafe PrintSafety StyleTest , ,
58,Tue May 03 16:45:10 EDT 2022,61,0,SocialDistanceFileTestSuite,CurriedMatchingDerivedSafe CurriedMatchingGivenSafe CurriedOnceInterpolatedSafe CurriedTwiceInterpolatedSafe CurryableInterpolatedSafe CurryableMatchingSafe GivenSafeSML InterpolatedSafeSML ListDerivedSafeSML SMLGreetingLoadAndRun SocialDistanceSMLProvided , ,ConcisePrintSafety ListPrintSafety MatchingDerivedSafe MatchingGivenSafe MatchingSafe PrintSafety StyleTest , ,
59,Tue May 03 16:45:46 EDT 2022,94,33,FunctionParametersTestSuite,ConcisePrintSafety+ CurriedMatchingDerivedSafe CurriedMatchingGivenSafe CurriedOnceInterpolatedSafe CurriedTwiceInterpolatedSafe CurryableInterpolatedSafe CurryableMatchingSafe GivenSafeSML InterpolatedSafeSML ListDerivedSafeSML ListPrintSafety+ MatchingDerivedSafe+ MatchingGivenSafe+ MatchingSafe+ PrintSafety+ SMLGreetingLoadAndRun SocialDistanceSMLProvided , ,StyleTest , ,
60,Tue May 03 16:45:50 EDT 2022,94,0,FunctionParametersTestSuite,ConcisePrintSafety CurriedMatchingDerivedSafe CurriedMatchingGivenSafe CurriedOnceInterpolatedSafe CurriedTwiceInterpolatedSafe CurryableInterpolatedSafe CurryableMatchingSafe GivenSafeSML InterpolatedSafeSML ListDerivedSafeSML ListPrintSafety MatchingDerivedSafe MatchingGivenSafe MatchingSafe PrintSafety SMLGreetingLoadAndRun SocialDistanceSMLProvided , ,StyleTest , ,
61,Tue May 03 17:40:37 EDT 2022,61,-33,FunctionParametersTestSuite,CurriedMatchingDerivedSafe CurriedMatchingGivenSafe CurriedOnceInterpolatedSafe CurriedTwiceInterpolatedSafe CurryableInterpolatedSafe CurryableMatchingSafe GivenSafeSML InterpolatedSafeSML ListDerivedSafeSML SMLGreetingLoadAndRun SocialDistanceSMLProvided , ,ConcisePrintSafety- ListPrintSafety- MatchingDerivedSafe- MatchingGivenSafe- MatchingSafe- PrintSafety- StyleTest , ,
62,Tue May 03 17:40:42 EDT 2022,61,0,FunctionParametersTestSuite,CurriedMatchingDerivedSafe CurriedMatchingGivenSafe CurriedOnceInterpolatedSafe CurriedTwiceInterpolatedSafe CurryableInterpolatedSafe CurryableMatchingSafe GivenSafeSML InterpolatedSafeSML ListDerivedSafeSML SMLGreetingLoadAndRun SocialDistanceSMLProvided , ,ConcisePrintSafety ListPrintSafety MatchingDerivedSafe MatchingGivenSafe MatchingSafe PrintSafety StyleTest , ,
63,Tue May 03 17:40:45 EDT 2022,27,-34,FunctionReturnValuesTestSuite,GivenSafeSML InterpolatedSafeSML ListDerivedSafeSML SMLGreetingLoadAndRun SocialDistanceSMLProvided , ,ConcisePrintSafety CurriedMatchingDerivedSafe- CurriedMatchingGivenSafe- CurriedOnceInterpolatedSafe- CurriedTwiceInterpolatedSafe- CurryableInterpolatedSafe- CurryableMatchingSafe- ListPrintSafety MatchingDerivedSafe MatchingGivenSafe MatchingSafe PrintSafety StyleTest , ,
64,Tue May 03 17:41:34 EDT 2022,61,34,FunctionParametersTestSuite,ConcisePrintSafety+ GivenSafeSML InterpolatedSafeSML ListDerivedSafeSML ListPrintSafety+ MatchingDerivedSafe+ MatchingGivenSafe+ MatchingSafe+ PrintSafety+ SMLGreetingLoadAndRun SocialDistanceSMLProvided , ,CurriedMatchingDerivedSafe CurriedMatchingGivenSafe CurriedOnceInterpolatedSafe CurriedTwiceInterpolatedSafe CurryableInterpolatedSafe CurryableMatchingSafe StyleTest , ,
65,Tue May 03 17:42:01 EDT 2022,27,-34,FunctionParametersTestSuite,GivenSafeSML InterpolatedSafeSML ListDerivedSafeSML SMLGreetingLoadAndRun SocialDistanceSMLProvided , ,ConcisePrintSafety- CurriedMatchingDerivedSafe CurriedMatchingGivenSafe CurriedOnceInterpolatedSafe CurriedTwiceInterpolatedSafe CurryableInterpolatedSafe CurryableMatchingSafe ListPrintSafety- MatchingDerivedSafe- MatchingGivenSafe- MatchingSafe- PrintSafety- StyleTest , ,
66,Tue May 03 17:46:06 EDT 2022,27,0,FunctionParametersTestSuite,GivenSafeSML InterpolatedSafeSML ListDerivedSafeSML SMLGreetingLoadAndRun SocialDistanceSMLProvided , ,ConcisePrintSafety CurriedMatchingDerivedSafe CurriedMatchingGivenSafe CurriedOnceInterpolatedSafe CurriedTwiceInterpolatedSafe CurryableInterpolatedSafe CurryableMatchingSafe ListPrintSafety MatchingDerivedSafe MatchingGivenSafe MatchingSafe PrintSafety StyleTest , ,
67,Tue May 03 17:46:47 EDT 2022,61,34,FunctionParametersTestSuite,ConcisePrintSafety+ GivenSafeSML InterpolatedSafeSML ListDerivedSafeSML ListPrintSafety+ MatchingDerivedSafe+ MatchingGivenSafe+ MatchingSafe+ PrintSafety+ SMLGreetingLoadAndRun SocialDistanceSMLProvided , ,CurriedMatchingDerivedSafe CurriedMatchingGivenSafe CurriedOnceInterpolatedSafe CurriedTwiceInterpolatedSafe CurryableInterpolatedSafe CurryableMatchingSafe StyleTest , ,
68,Tue May 03 17:46:49 EDT 2022,61,0,FunctionParametersTestSuite,ConcisePrintSafety GivenSafeSML InterpolatedSafeSML ListDerivedSafeSML ListPrintSafety MatchingDerivedSafe MatchingGivenSafe MatchingSafe PrintSafety SMLGreetingLoadAndRun SocialDistanceSMLProvided , ,CurriedMatchingDerivedSafe CurriedMatchingGivenSafe CurriedOnceInterpolatedSafe CurriedTwiceInterpolatedSafe CurryableInterpolatedSafe CurryableMatchingSafe StyleTest , ,
69,Tue May 03 17:47:03 EDT 2022,94,33,FunctionReturnValuesTestSuite,ConcisePrintSafety CurriedMatchingDerivedSafe+ CurriedMatchingGivenSafe+ CurriedOnceInterpolatedSafe+ CurriedTwiceInterpolatedSafe+ CurryableInterpolatedSafe+ CurryableMatchingSafe+ GivenSafeSML InterpolatedSafeSML ListDerivedSafeSML ListPrintSafety MatchingDerivedSafe MatchingGivenSafe MatchingSafe PrintSafety SMLGreetingLoadAndRun SocialDistanceSMLProvided , ,StyleTest , ,
70,Tue May 03 18:01:46 EDT 2022,94,0,FunctionParametersTestSuite,ConcisePrintSafety CurriedMatchingDerivedSafe CurriedMatchingGivenSafe CurriedOnceInterpolatedSafe CurriedTwiceInterpolatedSafe CurryableInterpolatedSafe CurryableMatchingSafe GivenSafeSML InterpolatedSafeSML ListDerivedSafeSML ListPrintSafety MatchingDerivedSafe MatchingGivenSafe MatchingSafe PrintSafety SMLGreetingLoadAndRun SocialDistanceSMLProvided , ,StyleTest , ,
71,Tue May 03 19:03:08 EDT 2022,61,-33,FunctionParametersTestSuite,CurriedMatchingDerivedSafe CurriedMatchingGivenSafe CurriedOnceInterpolatedSafe CurriedTwiceInterpolatedSafe CurryableInterpolatedSafe CurryableMatchingSafe GivenSafeSML InterpolatedSafeSML ListDerivedSafeSML SMLGreetingLoadAndRun SocialDistanceSMLProvided , ,ConcisePrintSafety- ListPrintSafety- MatchingDerivedSafe- MatchingGivenSafe- MatchingSafe- PrintSafety- StyleTest , ,
72,Tue May 03 19:04:30 EDT 2022,94,33,FunctionParametersTestSuite,ConcisePrintSafety+ CurriedMatchingDerivedSafe CurriedMatchingGivenSafe CurriedOnceInterpolatedSafe CurriedTwiceInterpolatedSafe CurryableInterpolatedSafe CurryableMatchingSafe GivenSafeSML InterpolatedSafeSML ListDerivedSafeSML ListPrintSafety+ MatchingDerivedSafe+ MatchingGivenSafe+ MatchingSafe+ PrintSafety+ SMLGreetingLoadAndRun SocialDistanceSMLProvided , ,StyleTest , ,
73,Tue May 03 19:04:31 EDT 2022,94,0,FunctionParametersTestSuite,ConcisePrintSafety CurriedMatchingDerivedSafe CurriedMatchingGivenSafe CurriedOnceInterpolatedSafe CurriedTwiceInterpolatedSafe CurryableInterpolatedSafe CurryableMatchingSafe GivenSafeSML InterpolatedSafeSML ListDerivedSafeSML ListPrintSafety MatchingDerivedSafe MatchingGivenSafe MatchingSafe PrintSafety SMLGreetingLoadAndRun SocialDistanceSMLProvided , ,StyleTest , ,
74,Tue May 03 19:04:45 EDT 2022,94,0,FunctionReturnValuesTestSuite,ConcisePrintSafety CurriedMatchingDerivedSafe CurriedMatchingGivenSafe CurriedOnceInterpolatedSafe CurriedTwiceInterpolatedSafe CurryableInterpolatedSafe CurryableMatchingSafe GivenSafeSML InterpolatedSafeSML ListDerivedSafeSML ListPrintSafety MatchingDerivedSafe MatchingGivenSafe MatchingSafe PrintSafety SMLGreetingLoadAndRun SocialDistanceSMLProvided , ,StyleTest , ,
75,Tue May 03 19:04:47 EDT 2022,94,0,FunctionReturnValuesTestSuite,ConcisePrintSafety CurriedMatchingDerivedSafe CurriedMatchingGivenSafe CurriedOnceInterpolatedSafe CurriedTwiceInterpolatedSafe CurryableInterpolatedSafe CurryableMatchingSafe GivenSafeSML InterpolatedSafeSML ListDerivedSafeSML ListPrintSafety MatchingDerivedSafe MatchingGivenSafe MatchingSafe PrintSafety SMLGreetingLoadAndRun SocialDistanceSMLProvided , ,StyleTest , ,
76,Tue May 03 19:04:55 EDT 2022,94,0,FunctionalProgrammingTestSuite,ConcisePrintSafety CurriedMatchingDerivedSafe CurriedMatchingGivenSafe CurriedOnceInterpolatedSafe CurriedTwiceInterpolatedSafe CurryableInterpolatedSafe CurryableMatchingSafe GivenSafeSML InterpolatedSafeSML ListDerivedSafeSML ListPrintSafety MatchingDerivedSafe MatchingGivenSafe MatchingSafe PrintSafety SMLGreetingLoadAndRun SocialDistanceSMLProvided , ,StyleTest , ,
77,Tue May 03 19:04:58 EDT 2022,94,0,FunctionalProgrammingTestSuite,ConcisePrintSafety CurriedMatchingDerivedSafe CurriedMatchingGivenSafe CurriedOnceInterpolatedSafe CurriedTwiceInterpolatedSafe CurryableInterpolatedSafe CurryableMatchingSafe GivenSafeSML InterpolatedSafeSML ListDerivedSafeSML ListPrintSafety MatchingDerivedSafe MatchingGivenSafe MatchingSafe PrintSafety SMLGreetingLoadAndRun SocialDistanceSMLProvided , ,StyleTest , ,
78,Tue May 03 19:05:02 EDT 2022,94,0,ListsAndRecursionTestSuite,ConcisePrintSafety CurriedMatchingDerivedSafe CurriedMatchingGivenSafe CurriedOnceInterpolatedSafe CurriedTwiceInterpolatedSafe CurryableInterpolatedSafe CurryableMatchingSafe GivenSafeSML InterpolatedSafeSML ListDerivedSafeSML ListPrintSafety MatchingDerivedSafe MatchingGivenSafe MatchingSafe PrintSafety SMLGreetingLoadAndRun SocialDistanceSMLProvided , ,StyleTest , ,
79,Tue May 03 19:05:04 EDT 2022,94,0,ListsAndRecursionTestSuite,ConcisePrintSafety CurriedMatchingDerivedSafe CurriedMatchingGivenSafe CurriedOnceInterpolatedSafe CurriedTwiceInterpolatedSafe CurryableInterpolatedSafe CurryableMatchingSafe GivenSafeSML InterpolatedSafeSML ListDerivedSafeSML ListPrintSafety MatchingDerivedSafe MatchingGivenSafe MatchingSafe PrintSafety SMLGreetingLoadAndRun SocialDistanceSMLProvided , ,StyleTest , ,
80,Tue May 03 19:05:05 EDT 2022,94,0,SMLGreetingLoadAndRun,ConcisePrintSafety CurriedMatchingDerivedSafe CurriedMatchingGivenSafe CurriedOnceInterpolatedSafe CurriedTwiceInterpolatedSafe CurryableInterpolatedSafe CurryableMatchingSafe GivenSafeSML InterpolatedSafeSML ListDerivedSafeSML ListPrintSafety MatchingDerivedSafe MatchingGivenSafe MatchingSafe PrintSafety SMLGreetingLoadAndRun SocialDistanceSMLProvided , ,StyleTest , ,
81,Tue May 03 19:05:06 EDT 2022,94,0,SMLGreetingLoadAndRun,ConcisePrintSafety CurriedMatchingDerivedSafe CurriedMatchingGivenSafe CurriedOnceInterpolatedSafe CurriedTwiceInterpolatedSafe CurryableInterpolatedSafe CurryableMatchingSafe GivenSafeSML InterpolatedSafeSML ListDerivedSafeSML ListPrintSafety MatchingDerivedSafe MatchingGivenSafe MatchingSafe PrintSafety SMLGreetingLoadAndRun SocialDistanceSMLProvided , ,StyleTest , ,
82,Tue May 03 19:05:08 EDT 2022,94,0,StyleTest,ConcisePrintSafety CurriedMatchingDerivedSafe CurriedMatchingGivenSafe CurriedOnceInterpolatedSafe CurriedTwiceInterpolatedSafe CurryableInterpolatedSafe CurryableMatchingSafe GivenSafeSML InterpolatedSafeSML ListDerivedSafeSML ListPrintSafety MatchingDerivedSafe MatchingGivenSafe MatchingSafe PrintSafety SMLGreetingLoadAndRun SocialDistanceSMLProvided , ,StyleTest , ,
83,Tue May 03 19:05:10 EDT 2022,94,0,StyleTest,ConcisePrintSafety CurriedMatchingDerivedSafe CurriedMatchingGivenSafe CurriedOnceInterpolatedSafe CurriedTwiceInterpolatedSafe CurryableInterpolatedSafe CurryableMatchingSafe GivenSafeSML InterpolatedSafeSML ListDerivedSafeSML ListPrintSafety MatchingDerivedSafe MatchingGivenSafe MatchingSafe PrintSafety SMLGreetingLoadAndRun SocialDistanceSMLProvided , ,StyleTest , ,
84,Wed May 04 17:37:06 EDT 2022,94,0,FunctionParametersTestSuite,ConcisePrintSafety CurriedMatchingDerivedSafe CurriedMatchingGivenSafe CurriedOnceInterpolatedSafe CurriedTwiceInterpolatedSafe CurryableInterpolatedSafe CurryableMatchingSafe GivenSafeSML InterpolatedSafeSML ListDerivedSafeSML ListPrintSafety MatchingDerivedSafe MatchingGivenSafe MatchingSafe PrintSafety SMLGreetingLoadAndRun SocialDistanceSMLProvided , ,StyleTest , ,
85,Wed May 04 17:37:07 EDT 2022,94,0,FunctionParametersTestSuite,ConcisePrintSafety CurriedMatchingDerivedSafe CurriedMatchingGivenSafe CurriedOnceInterpolatedSafe CurriedTwiceInterpolatedSafe CurryableInterpolatedSafe CurryableMatchingSafe GivenSafeSML InterpolatedSafeSML ListDerivedSafeSML ListPrintSafety MatchingDerivedSafe MatchingGivenSafe MatchingSafe PrintSafety SMLGreetingLoadAndRun SocialDistanceSMLProvided , ,StyleTest , ,
86,Wed May 04 17:37:09 EDT 2022,94,0,SocialDistanceFileTestSuite,ConcisePrintSafety CurriedMatchingDerivedSafe CurriedMatchingGivenSafe CurriedOnceInterpolatedSafe CurriedTwiceInterpolatedSafe CurryableInterpolatedSafe CurryableMatchingSafe GivenSafeSML InterpolatedSafeSML ListDerivedSafeSML ListPrintSafety MatchingDerivedSafe MatchingGivenSafe MatchingSafe PrintSafety SMLGreetingLoadAndRun SocialDistanceSMLProvided , ,StyleTest , ,
87,Wed May 04 17:37:10 EDT 2022,94,0,SocialDistanceFileTestSuite,ConcisePrintSafety CurriedMatchingDerivedSafe CurriedMatchingGivenSafe CurriedOnceInterpolatedSafe CurriedTwiceInterpolatedSafe CurryableInterpolatedSafe CurryableMatchingSafe GivenSafeSML InterpolatedSafeSML ListDerivedSafeSML ListPrintSafety MatchingDerivedSafe MatchingGivenSafe MatchingSafe PrintSafety SMLGreetingLoadAndRun SocialDistanceSMLProvided , ,StyleTest , ,
88,Wed May 04 17:37:24 EDT 2022,94,0,FunctionReturnValuesTestSuite,ConcisePrintSafety CurriedMatchingDerivedSafe CurriedMatchingGivenSafe CurriedOnceInterpolatedSafe CurriedTwiceInterpolatedSafe CurryableInterpolatedSafe CurryableMatchingSafe GivenSafeSML InterpolatedSafeSML ListDerivedSafeSML ListPrintSafety MatchingDerivedSafe MatchingGivenSafe MatchingSafe PrintSafety SMLGreetingLoadAndRun SocialDistanceSMLProvided , ,StyleTest , ,
89,Wed May 04 17:37:25 EDT 2022,94,0,FunctionReturnValuesTestSuite,ConcisePrintSafety CurriedMatchingDerivedSafe CurriedMatchingGivenSafe CurriedOnceInterpolatedSafe CurriedTwiceInterpolatedSafe CurryableInterpolatedSafe CurryableMatchingSafe GivenSafeSML InterpolatedSafeSML ListDerivedSafeSML ListPrintSafety MatchingDerivedSafe MatchingGivenSafe MatchingSafe PrintSafety SMLGreetingLoadAndRun SocialDistanceSMLProvided , ,StyleTest , ,
90,Wed May 04 17:37:32 EDT 2022,94,0,FunctionalProgrammingTestSuite,ConcisePrintSafety CurriedMatchingDerivedSafe CurriedMatchingGivenSafe CurriedOnceInterpolatedSafe CurriedTwiceInterpolatedSafe CurryableInterpolatedSafe CurryableMatchingSafe GivenSafeSML InterpolatedSafeSML ListDerivedSafeSML ListPrintSafety MatchingDerivedSafe MatchingGivenSafe MatchingSafe PrintSafety SMLGreetingLoadAndRun SocialDistanceSMLProvided , ,StyleTest , ,
91,Wed May 04 17:37:37 EDT 2022,94,0,FunctionalProgrammingTestSuite,ConcisePrintSafety CurriedMatchingDerivedSafe CurriedMatchingGivenSafe CurriedOnceInterpolatedSafe CurriedTwiceInterpolatedSafe CurryableInterpolatedSafe CurryableMatchingSafe GivenSafeSML InterpolatedSafeSML ListDerivedSafeSML ListPrintSafety MatchingDerivedSafe MatchingGivenSafe MatchingSafe PrintSafety SMLGreetingLoadAndRun SocialDistanceSMLProvided , ,StyleTest , ,
92,Wed May 04 17:37:41 EDT 2022,94,0,ListsAndRecursionTestSuite,ConcisePrintSafety CurriedMatchingDerivedSafe CurriedMatchingGivenSafe CurriedOnceInterpolatedSafe CurriedTwiceInterpolatedSafe CurryableInterpolatedSafe CurryableMatchingSafe GivenSafeSML InterpolatedSafeSML ListDerivedSafeSML ListPrintSafety MatchingDerivedSafe MatchingGivenSafe MatchingSafe PrintSafety SMLGreetingLoadAndRun SocialDistanceSMLProvided , ,StyleTest , ,
93,Wed May 04 17:37:42 EDT 2022,94,0,ListsAndRecursionTestSuite,ConcisePrintSafety CurriedMatchingDerivedSafe CurriedMatchingGivenSafe CurriedOnceInterpolatedSafe CurriedTwiceInterpolatedSafe CurryableInterpolatedSafe CurryableMatchingSafe GivenSafeSML InterpolatedSafeSML ListDerivedSafeSML ListPrintSafety MatchingDerivedSafe MatchingGivenSafe MatchingSafe PrintSafety SMLGreetingLoadAndRun SocialDistanceSMLProvided , ,StyleTest , ,
94,Wed May 04 17:37:44 EDT 2022,94,0,StyleTest,ConcisePrintSafety CurriedMatchingDerivedSafe CurriedMatchingGivenSafe CurriedOnceInterpolatedSafe CurriedTwiceInterpolatedSafe CurryableInterpolatedSafe CurryableMatchingSafe GivenSafeSML InterpolatedSafeSML ListDerivedSafeSML ListPrintSafety MatchingDerivedSafe MatchingGivenSafe MatchingSafe PrintSafety SMLGreetingLoadAndRun SocialDistanceSMLProvided , ,StyleTest , ,
95,Wed May 04 17:37:45 EDT 2022,94,0,StyleTest,ConcisePrintSafety CurriedMatchingDerivedSafe CurriedMatchingGivenSafe CurriedOnceInterpolatedSafe CurriedTwiceInterpolatedSafe CurryableInterpolatedSafe CurryableMatchingSafe GivenSafeSML InterpolatedSafeSML ListDerivedSafeSML ListPrintSafety MatchingDerivedSafe MatchingGivenSafe MatchingSafe PrintSafety SMLGreetingLoadAndRun SocialDistanceSMLProvided , ,StyleTest , ,
96,Wed May 04 17:37:47 EDT 2022,94,0,SMLGreetingLoadAndRun,ConcisePrintSafety CurriedMatchingDerivedSafe CurriedMatchingGivenSafe CurriedOnceInterpolatedSafe CurriedTwiceInterpolatedSafe CurryableInterpolatedSafe CurryableMatchingSafe GivenSafeSML InterpolatedSafeSML ListDerivedSafeSML ListPrintSafety MatchingDerivedSafe MatchingGivenSafe MatchingSafe PrintSafety SMLGreetingLoadAndRun SocialDistanceSMLProvided , ,StyleTest , ,
97,Wed May 04 17:37:48 EDT 2022,94,0,SMLGreetingLoadAndRun,ConcisePrintSafety CurriedMatchingDerivedSafe CurriedMatchingGivenSafe CurriedOnceInterpolatedSafe CurriedTwiceInterpolatedSafe CurryableInterpolatedSafe CurryableMatchingSafe GivenSafeSML InterpolatedSafeSML ListDerivedSafeSML ListPrintSafety MatchingDerivedSafe MatchingGivenSafe MatchingSafe PrintSafety SMLGreetingLoadAndRun SocialDistanceSMLProvided , ,StyleTest , ,
98,Thu May 05 07:33:33 EDT 2022,94,0,SMLGreetingLoadAndRun,ConcisePrintSafety CurriedMatchingDerivedSafe CurriedMatchingGivenSafe CurriedOnceInterpolatedSafe CurriedTwiceInterpolatedSafe CurryableInterpolatedSafe CurryableMatchingSafe GivenSafeSML InterpolatedSafeSML ListDerivedSafeSML ListPrintSafety MatchingDerivedSafe MatchingGivenSafe MatchingSafe PrintSafety SMLGreetingLoadAndRun SocialDistanceSMLProvided , ,StyleTest , ,
99,Thu May 05 07:33:35 EDT 2022,94,0,StyleTest,ConcisePrintSafety CurriedMatchingDerivedSafe CurriedMatchingGivenSafe CurriedOnceInterpolatedSafe CurriedTwiceInterpolatedSafe CurryableInterpolatedSafe CurryableMatchingSafe GivenSafeSML InterpolatedSafeSML ListDerivedSafeSML ListPrintSafety MatchingDerivedSafe MatchingGivenSafe MatchingSafe PrintSafety SMLGreetingLoadAndRun SocialDistanceSMLProvided , ,StyleTest , ,
100,Thu May 05 07:33:39 EDT 2022,94,0,ListsAndRecursionTestSuite,ConcisePrintSafety CurriedMatchingDerivedSafe CurriedMatchingGivenSafe CurriedOnceInterpolatedSafe CurriedTwiceInterpolatedSafe CurryableInterpolatedSafe CurryableMatchingSafe GivenSafeSML InterpolatedSafeSML ListDerivedSafeSML ListPrintSafety MatchingDerivedSafe MatchingGivenSafe MatchingSafe PrintSafety SMLGreetingLoadAndRun SocialDistanceSMLProvided , ,StyleTest , ,
101,Thu May 05 07:33:45 EDT 2022,94,0,FunctionalProgrammingTestSuite,ConcisePrintSafety CurriedMatchingDerivedSafe CurriedMatchingGivenSafe CurriedOnceInterpolatedSafe CurriedTwiceInterpolatedSafe CurryableInterpolatedSafe CurryableMatchingSafe GivenSafeSML InterpolatedSafeSML ListDerivedSafeSML ListPrintSafety MatchingDerivedSafe MatchingGivenSafe MatchingSafe PrintSafety SMLGreetingLoadAndRun SocialDistanceSMLProvided , ,StyleTest , ,
102,Thu May 05 07:34:00 EDT 2022,94,0,FunctionReturnValuesTestSuite,ConcisePrintSafety CurriedMatchingDerivedSafe CurriedMatchingGivenSafe CurriedOnceInterpolatedSafe CurriedTwiceInterpolatedSafe CurryableInterpolatedSafe CurryableMatchingSafe GivenSafeSML InterpolatedSafeSML ListDerivedSafeSML ListPrintSafety MatchingDerivedSafe MatchingGivenSafe MatchingSafe PrintSafety SMLGreetingLoadAndRun SocialDistanceSMLProvided , ,StyleTest , ,
103,Thu May 05 07:34:29 EDT 2022,94,0,FunctionParametersTestSuite,ConcisePrintSafety CurriedMatchingDerivedSafe CurriedMatchingGivenSafe CurriedOnceInterpolatedSafe CurriedTwiceInterpolatedSafe CurryableInterpolatedSafe CurryableMatchingSafe GivenSafeSML InterpolatedSafeSML ListDerivedSafeSML ListPrintSafety MatchingDerivedSafe MatchingGivenSafe MatchingSafe PrintSafety SMLGreetingLoadAndRun SocialDistanceSMLProvided , ,StyleTest , ,
104,Thu May 05 07:34:32 EDT 2022,94,0,SocialDistanceFileTestSuite,ConcisePrintSafety CurriedMatchingDerivedSafe CurriedMatchingGivenSafe CurriedOnceInterpolatedSafe CurriedTwiceInterpolatedSafe CurryableInterpolatedSafe CurryableMatchingSafe GivenSafeSML InterpolatedSafeSML ListDerivedSafeSML ListPrintSafety MatchingDerivedSafe MatchingGivenSafe MatchingSafe PrintSafety SMLGreetingLoadAndRun SocialDistanceSMLProvided , ,StyleTest , ,
